transaction_id,amount,merchant_category,hour_of_day,day_of_week,distance_from_home,distance_from_last_transaction,ratio_to_median_purchase_price,repeat_retailer,used_chip,used_pin_number,online_order,is_fraud
TXN-00001,17.38,grocery,2,1,13.8,6.7,1.92,1,0,1,0,0
TXN-00002,303.0,gas_station,0,6,28.1,21.5,1.84,0,1,1,1,0
TXN-00003,350.58,grocery,11,6,17.0,4.7,2.41,1,1,1,0,0
TXN-00004,135.94,entertainment,19,6,2.2,13.8,0.57,0,1,0,0,0
TXN-00005,100.18,gas_station,14,5,3.5,19.8,2.0,1,1,1,0,0
TXN-00006,85.51,travel,23,1,17.8,20.1,1.84,1,0,0,0,0
TXN-00007,192.83,gas_station,12,2,49.5,19.2,1.53,1,1,1,0,0
TXN-00008,457.0,restaurant,8,1,28.4,21.5,0.77,0,1,0,0,0
TXN-00009,282.88,travel,15,0,13.1,17.5,2.28,0,1,1,0,0
TXN-00010,431.25,online_retail,16,2,7.6,4.8,1.8,1,1,1,1,0
TXN-00011,431.09,gas_station,13,1,0.6,21.6,1.8,1,0,1,0,0
TXN-00012,477.14,gas_station,20,4,43.8,7.9,1.4,1,0,1,1,0
TXN-00013,80.66,grocery,3,2,38.1,16.2,2.01,1,0,1,0,0
TXN-00014,416.67,grocery,17,6,15.4,1.7,2.23,1,1,0,0,0
TXN-00015,331.58,entertainment,6,5,47.3,5.0,1.46,0,1,0,1,0
TXN-00016,497.6,gas_station,0,4,32.5,13.1,1.44,1,1,1,0,0
TXN-00017,296.28,travel,7,2,0.4,21.2,0.43,1,1,1,0,0
TXN-00018,111.05,restaurant,3,0,6.6,28.1,1.56,0,1,1,0,0
TXN-00019,180.38,gas_station,3,1,20.6,25.9,0.42,1,1,1,1,0
TXN-00020,270.46,grocery,20,4,7.0,5.5,1.32,1,1,0,0,0
TXN-00021,484.65,grocery,5,3,46.3,25.5,0.67,0,1,1,0,0
TXN-00022,2074.02,restaurant,1,4,466.9,242.0,4.28,1,0,0,1,1
TXN-00023,35.17,restaurant,2,4,15.7,1.5,1.35,1,1,0,0,0
TXN-00024,431.6,entertainment,18,4,20.2,28.2,1.55,1,0,1,0,0
TXN-00025,467.68,gas_station,14,2,10.2,21.5,0.83,0,1,0,1,0
TXN-00026,468.19,travel,8,1,0.5,18.6,1.54,1,1,0,0,0
TXN-00027,441.03,grocery,21,6,44.0,11.1,0.65,1,0,0,1,0
TXN-00028,466.22,gas_station,9,4,5.2,26.3,0.88,1,0,0,0,0
TXN-00029,174.73,online_retail,8,0,34.4,25.6,1.41,1,1,1,1,0
TXN-00030,3901.37,grocery,22,1,336.7,100.7,7.93,1,1,0,1,1
TXN-00031,418.12,restaurant,21,1,29.1,4.4,0.58,1,1,1,0,0
TXN-00032,180.07,online_retail,0,1,28.0,26.2,2.44,1,1,1,0,0
TXN-00033,169.43,grocery,12,6,46.5,24.1,2.2,1,1,1,1,0
TXN-00034,2459.31,online_retail,10,2,139.8,278.0,4.8,0,0,0,1,1
TXN-00035,483.61,restaurant,18,2,14.0,19.2,1.18,1,1,1,0,0
TXN-00036,3063.54,grocery,22,3,205.6,242.3,5.49,0,0,0,1,1
TXN-00037,4642.76,entertainment,10,4,292.3,224.2,7.94,0,0,1,1,1
TXN-00038,424.77,gas_station,17,1,36.0,9.0,0.98,0,1,1,1,0
TXN-00039,334.14,gas_station,9,1,19.0,22.4,0.68,1,1,0,0,0
TXN-00040,292.09,restaurant,21,0,32.7,13.9,1.27,1,0,1,1,0
TXN-00041,333.61,restaurant,4,0,31.0,2.8,2.39,1,0,1,0,0
TXN-00042,4922.89,online_retail,7,1,325.1,237.5,5.64,0,1,1,0,1
TXN-00043,7.74,travel,14,0,37.5,23.1,0.53,0,1,1,1,0
TXN-00044,459.15,travel,13,6,6.1,4.0,1.32,1,1,0,1,0
TXN-00045,225.73,online_retail,20,1,8.0,25.8,1.29,1,0,1,1,0
TXN-00046,43.35,online_retail,22,1,14.3,8.2,1.0,1,1,1,0,0
TXN-00047,36.79,entertainment,0,6,20.4,16.3,1.21,1,1,1,1,0
TXN-00048,289.97,entertainment,17,6,23.8,28.3,0.96,0,1,0,1,0
TXN-00049,114.17,entertainment,5,6,11.0,13.1,0.36,1,0,0,0,0
TXN-00050,68.18,restaurant,14,1,31.1,0.8,1.17,1,1,0,0,0
TXN-00051,192.66,grocery,15,0,10.6,9.8,1.97,0,1,1,0,0
TXN-00052,30.78,grocery,19,1,47.6,6.7,0.45,1,1,1,0,0
TXN-00053,239.41,travel,23,5,5.7,28.4,1.32,1,1,1,1,0
TXN-00054,410.55,online_retail,22,1,48.2,3.2,0.36,1,0,0,0,0
TXN-00055,346.85,travel,13,5,31.4,3.1,2.0,1,0,1,0,0
TXN-00056,255.45,online_retail,22,1,17.1,25.5,2.11,1,1,1,1,0
TXN-00057,368.23,travel,8,2,48.3,8.1,2.08,0,1,1,1,0
TXN-00058,416.21,online_retail,10,0,4.3,26.4,0.84,0,0,0,1,0
TXN-00059,165.88,travel,0,4,24.4,10.6,0.87,1,0,0,0,0
TXN-00060,47.38,online_retail,0,0,36.0,14.7,1.97,0,0,0,0,0
TXN-00061,205.18,gas_station,11,5,12.2,19.9,1.11,1,1,0,1,0
TXN-00062,156.78,online_retail,8,5,11.5,21.6,0.99,1,1,1,1,0
TXN-00063,381.3,gas_station,0,5,29.8,29.4,2.13,1,1,1,0,0
TXN-00064,140.78,grocery,18,2,48.7,16.6,1.83,1,0,1,0,0
TXN-00065,223.03,online_retail,2,4,9.2,1.5,2.37,0,1,1,0,0
TXN-00066,31.54,travel,19,6,7.5,16.9,0.97,1,1,0,0,0
TXN-00067,388.97,grocery,19,5,19.0,27.3,0.95,0,1,0,1,0
TXN-00068,382.55,restaurant,0,3,31.3,7.9,0.48,1,1,0,0,0
TXN-00069,298.94,gas_station,20,4,14.6,6.9,1.86,0,1,0,0,0
TXN-00070,467.17,restaurant,9,4,21.3,16.3,1.72,1,1,1,0,0
TXN-00071,286.76,online_retail,14,0,14.4,3.7,1.82,0,1,0,1,0
TXN-00072,445.26,grocery,21,6,36.7,18.1,0.36,1,0,0,1,0
TXN-00073,24.91,entertainment,15,0,37.8,14.1,1.73,1,1,0,0,0
TXN-00074,207.13,entertainment,12,6,16.1,3.1,0.65,0,0,1,0,0
TXN-00075,23.17,travel,14,3,4.4,7.6,0.56,0,0,1,1,0
TXN-00076,261.63,restaurant,9,3,31.1,15.0,1.27,1,1,1,1,0
TXN-00077,244.93,travel,13,0,1.4,18.9,2.06,1,1,0,0,0
TXN-00078,421.5,travel,22,2,5.7,28.4,1.72,1,1,0,0,0
TXN-00079,243.84,restaurant,2,2,23.6,13.7,0.62,1,0,0,1,0
TXN-00080,427.93,travel,18,5,17.0,23.6,0.89,1,1,0,0,0
TXN-00081,78.55,entertainment,7,4,26.9,10.4,1.51,0,1,1,0,0
TXN-00082,428.73,restaurant,15,0,20.5,9.5,1.34,0,1,0,1,0
TXN-00083,482.85,entertainment,4,3,16.6,3.0,2.16,1,0,1,0,0
TXN-00084,485.13,entertainment,17,3,3.7,23.4,0.88,0,0,1,0,0
TXN-00085,315.27,gas_station,7,5,44.4,14.6,1.49,1,1,0,1,0
TXN-00086,489.28,grocery,10,6,38.0,21.1,0.52,1,0,1,0,0
TXN-00087,182.44,travel,12,4,21.5,7.3,1.21,1,1,1,0,0
TXN-00088,251.35,online_retail,9,5,29.2,7.0,1.7,0,1,0,0,0
TXN-00089,41.56,gas_station,6,3,47.3,29.6,0.96,0,0,1,0,0
TXN-00090,57.79,gas_station,0,4,19.1,10.8,0.95,1,1,0,0,0
TXN-00091,390.26,restaurant,20,1,48.7,27.3,1.94,1,1,0,0,0
TXN-00092,340.49,gas_station,14,0,36.0,19.8,2.14,1,0,0,0,0
TXN-00093,367.52,gas_station,16,4,4.5,8.9,1.94,1,1,1,1,0
TXN-00094,416.08,online_retail,2,1,12.8,24.7,1.36,1,0,1,0,0
TXN-00095,116.68,gas_station,17,0,33.8,20.2,1.17,1,1,1,0,0
TXN-00096,338.05,online_retail,0,4,33.6,17.5,2.11,1,1,0,0,0
TXN-00097,282.9,online_retail,3,1,45.8,6.6,0.44,0,0,1,1,0
TXN-00098,378.62,entertainment,23,5,498.2,61.4,3.88,0,0,1,1,1
TXN-00099,212.47,gas_station,1,5,37.1,4.6,1.21,1,1,0,0,0
TXN-00100,224.47,grocery,12,2,47.5,25.7,0.52,1,0,0,0,0
TXN-00101,65.47,restaurant,18,1,42.4,13.6,1.76,1,1,1,0,0
TXN-00102,383.75,gas_station,4,1,10.4,6.5,2.21,1,1,0,0,0
TXN-00103,400.26,grocery,5,2,5.5,26.0,0.59,1,1,0,0,0
TXN-00104,372.15,online_retail,16,1,26.3,22.4,1.35,1,0,0,0,0
TXN-00105,26.47,online_retail,12,3,39.2,26.0,1.45,0,0,1,0,0
TXN-00106,247.68,travel,20,4,45.5,2.2,0.48,1,1,1,0,0
TXN-00107,165.97,entertainment,20,6,49.7,15.9,1.3,0,1,0,0,0
TXN-00108,433.42,grocery,10,3,21.5,26.6,1.21,0,1,1,1,0
TXN-00109,131.17,grocery,23,5,47.7,20.6,1.34,1,1,1,0,0
TXN-00110,69.41,online_retail,23,0,3.0,28.7,1.54,1,1,1,1,0
TXN-00111,302.2,travel,11,0,17.6,17.3,0.77,0,1,1,0,0
TXN-00112,289.18,gas_station,0,1,40.4,25.4,2.44,1,0,0,1,0
TXN-00113,382.39,grocery,4,5,46.1,10.5,0.7,1,0,0,0,0
TXN-00114,20.18,entertainment,10,6,37.3,6.5,1.22,1,1,1,0,0
TXN-00115,300.13,online_retail,21,3,44.2,4.7,1.96,1,0,1,0,0
TXN-00116,223.81,entertainment,18,3,13.7,22.6,0.55,0,1,1,1,0
TXN-00117,157.67,gas_station,9,2,11.0,29.5,0.42,1,1,1,0,0
TXN-00118,251.21,gas_station,2,3,21.5,3.9,1.47,1,0,0,1,0
TXN-00119,25.94,entertainment,13,2,0.9,27.6,2.2,0,0,1,1,0
TXN-00120,15.32,restaurant,13,4,16.2,24.0,1.66,1,1,1,0,0
TXN-00121,43.93,grocery,16,4,43.5,22.4,0.79,1,1,0,1,0
TXN-00122,389.23,gas_station,6,1,17.6,28.7,1.72,1,1,1,0,0
TXN-00123,381.31,online_retail,21,4,32.8,5.3,2.0,0,1,0,1,0
TXN-00124,493.33,entertainment,9,6,16.2,29.1,1.0,0,1,1,0,0
TXN-00125,32.81,entertainment,2,4,25.4,9.3,1.29,1,1,1,0,0
TXN-00126,195.32,restaurant,10,4,29.0,28.6,1.93,1,1,0,1,0
TXN-00127,79.68,entertainment,5,0,3.1,3.1,2.28,1,0,1,1,0
TXN-00128,221.69,gas_station,21,4,22.0,15.7,0.65,1,1,1,0,0
TXN-00129,317.29,entertainment,19,6,16.7,9.9,1.53,0,1,1,1,0
TXN-00130,45.34,grocery,9,4,33.2,27.5,0.98,0,1,0,1,0
TXN-00131,396.87,travel,11,0,40.7,20.1,2.12,1,0,0,0,0
TXN-00132,94.23,gas_station,3,4,10.7,28.4,1.37,1,1,1,0,0
TXN-00133,418.38,restaurant,5,6,44.2,1.1,1.04,1,0,1,0,0
TXN-00134,314.25,online_retail,19,2,45.1,21.6,0.4,1,0,0,0,0
TXN-00135,392.98,travel,14,3,11.7,7.2,2.42,0,1,1,1,0
TXN-00136,390.17,grocery,20,3,25.1,12.6,0.66,1,0,1,0,0
TXN-00137,279.5,online_retail,16,1,5.1,25.4,2.17,1,1,1,0,0
TXN-00138,50.4,travel,11,1,45.5,24.5,2.25,1,1,1,0,0
TXN-00139,45.39,gas_station,15,5,11.2,9.6,0.52,1,1,1,0,0
TXN-00140,380.63,travel,23,4,23.5,18.5,2.29,1,1,1,0,0
TXN-00141,60.04,grocery,3,6,14.4,9.0,0.41,0,0,0,0,0
TXN-00142,300.39,travel,11,1,0.8,15.5,0.83,1,1,1,0,0
TXN-00143,97.72,entertainment,12,2,33.4,15.7,1.09,1,1,1,0,0
TXN-00144,13.04,restaurant,1,2,39.4,10.3,1.91,1,0,0,0,0
TXN-00145,407.69,grocery,22,6,8.8,23.4,1.32,0,0,1,0,0
TXN-00146,23.31,travel,15,2,10.1,23.7,2.25,1,1,0,0,0
TXN-00147,3305.12,online_retail,12,5,178.7,262.8,2.38,0,0,0,1,1
TXN-00148,478.46,entertainment,13,0,17.0,5.6,1.82,1,0,1,0,0
TXN-00149,497.57,online_retail,19,5,9.0,8.8,0.53,1,0,1,0,0
TXN-00150,346.43,entertainment,1,0,17.6,1.3,2.21,1,0,1,0,0
TXN-00151,206.07,online_retail,1,1,25.7,22.5,0.65,1,1,0,1,0
TXN-00152,390.37,gas_station,14,6,18.3,11.5,1.55,1,0,1,0,0
TXN-00153,73.16,online_retail,16,3,18.3,9.4,0.91,1,1,0,0,0
TXN-00154,63.29,grocery,4,6,38.7,21.1,0.77,1,0,1,0,0
TXN-00155,90.46,grocery,17,4,35.7,29.9,2.08,1,0,1,1,0
TXN-00156,153.48,grocery,6,6,7.9,21.3,1.84,1,1,0,0,0
TXN-00157,396.23,gas_station,12,5,1.3,16.6,1.11,1,0,1,0,0
TXN-00158,265.22,online_retail,21,4,38.5,24.7,0.46,1,0,1,0,0
TXN-00159,439.59,grocery,16,1,39.0,19.2,0.7,1,1,0,0,0
TXN-00160,85.17,entertainment,17,2,46.7,6.8,2.38,1,1,1,0,0
TXN-00161,154.9,entertainment,19,2,26.7,15.1,0.67,1,1,0,1,0
TXN-00162,283.99,online_retail,19,5,41.3,0.9,0.4,1,0,1,1,0
TXN-00163,4467.19,online_retail,2,5,295.5,203.3,4.42,0,1,1,1,1
TXN-00164,222.6,gas_station,12,1,24.2,6.1,1.63,1,0,1,1,0
TXN-00165,259.92,grocery,9,3,5.3,7.3,0.57,0,1,1,0,0
TXN-00166,211.98,travel,14,3,48.1,27.1,2.09,1,1,1,0,0
TXN-00167,251.2,grocery,1,2,4.5,11.8,1.31,1,1,0,0,0
TXN-00168,441.76,entertainment,11,6,32.7,14.1,1.48,1,1,1,0,0
TXN-00169,27.39,online_retail,17,2,2.6,16.9,1.1,1,1,1,1,0
TXN-00170,313.5,restaurant,6,4,30.6,3.9,0.51,1,1,0,0,0
TXN-00171,252.54,travel,16,1,2.3,4.1,1.03,0,0,1,0,0
TXN-00172,308.47,travel,17,3,8.1,29.7,1.93,1,0,1,1,0
TXN-00173,153.4,entertainment,20,0,40.8,11.1,1.78,0,0,1,1,0
TXN-00174,136.44,online_retail,5,4,32.8,29.2,1.57,1,0,1,1,0
TXN-00175,311.77,restaurant,0,3,42.1,4.4,1.8,1,0,0,0,0
TXN-00176,79.96,entertainment,4,4,34.5,12.3,2.0,0,0,0,0,0
TXN-00177,165.9,travel,11,5,33.1,15.8,0.99,1,1,0,0,0
TXN-00178,361.86,gas_station,7,2,32.2,20.8,1.64,1,1,1,1,0
TXN-00179,353.93,entertainment,17,3,34.5,14.7,1.36,1,1,1,1,0
TXN-00180,200.29,gas_station,14,5,17.3,23.2,0.62,1,1,0,0,0
TXN-00181,242.14,entertainment,18,1,10.1,16.2,2.35,1,1,1,1,0
TXN-00182,336.57,grocery,21,6,26.6,19.1,0.42,0,1,0,0,0
TXN-00183,482.44,gas_station,10,2,48.9,4.7,1.74,0,1,0,0,0
TXN-00184,454.43,grocery,12,6,4.5,17.2,1.48,1,1,1,0,0
TXN-00185,468.62,grocery,10,2,48.1,27.8,2.23,1,1,0,1,0
TXN-00186,322.45,gas_station,5,5,26.2,26.7,0.6,0,1,1,0,0
TXN-00187,132.35,online_retail,13,4,9.3,22.1,2.04,1,1,0,1,0
TXN-00188,203.41,restaurant,14,6,4.8,29.5,1.35,1,1,1,0,0
TXN-00189,168.16,entertainment,3,3,29.1,17.2,0.88,1,0,1,0,0
TXN-00190,205.68,gas_station,11,4,25.1,26.9,1.85,1,0,1,1,0
TXN-00191,478.89,online_retail,17,6,23.9,13.6,2.48,1,1,0,1,0
TXN-00192,113.11,entertainment,11,0,12.4,22.6,2.22,1,0,1,1,0
TXN-00193,60.54,online_retail,3,5,41.4,27.1,0.74,1,1,1,1,0
TXN-00194,293.66,online_retail,18,0,4.5,15.3,2.08,0,1,0,0,0
TXN-00195,338.02,grocery,1,3,15.4,0.7,0.86,1,0,1,1,0
TXN-00196,36.56,restaurant,4,6,49.7,28.0,0.45,0,1,1,0,0
TXN-00197,366.0,entertainment,21,6,48.2,11.2,2.26,0,1,1,0,0
TXN-00198,328.5,grocery,9,3,17.4,5.4,1.48,1,0,1,0,0
TXN-00199,274.5,entertainment,3,0,26.6,24.7,0.84,1,1,1,0,0
TXN-00200,212.52,grocery,14,4,38.3,26.5,0.33,1,1,1,1,0
TXN-00201,436.75,gas_station,7,6,12.2,1.3,1.27,1,1,1,1,0
TXN-00202,290.17,travel,7,3,28.9,23.2,2.1,1,1,1,1,0
TXN-00203,35.17,gas_station,20,5,47.4,26.4,2.31,0,0,1,0,0
TXN-00204,264.61,restaurant,9,6,34.8,12.2,0.96,1,0,1,0,0
TXN-00205,403.86,restaurant,10,5,45.7,16.9,2.43,1,1,1,0,0
TXN-00206,227.64,travel,19,0,18.6,16.1,2.12,1,1,1,1,0
TXN-00207,98.14,grocery,6,1,38.1,21.7,1.53,0,1,1,0,0
TXN-00208,63.07,gas_station,9,3,50.0,14.4,0.83,1,1,1,1,0
TXN-00209,326.12,gas_station,6,2,15.4,10.8,2.24,0,1,0,0,0
TXN-00210,27.63,gas_station,7,3,43.2,22.2,0.34,0,1,1,0,0
TXN-00211,126.64,online_retail,14,1,27.5,28.3,1.04,0,0,0,1,0
TXN-00212,179.33,entertainment,1,6,7.0,16.4,0.7,1,0,1,0,0
TXN-00213,859.96,grocery,19,5,333.8,48.4,3.21,0,1,1,1,1
TXN-00214,310.18,entertainment,8,4,24.2,14.6,0.31,0,1,1,1,0
TXN-00215,13.49,restaurant,7,1,40.7,20.2,2.07,1,1,1,1,0
TXN-00216,129.95,entertainment,7,2,17.7,23.8,0.47,0,1,0,0,0
TXN-00217,424.69,travel,15,0,32.7,25.7,1.97,1,1,1,0,0
TXN-00218,352.91,grocery,7,1,4.1,25.4,1.72,1,0,1,1,0
TXN-00219,347.68,grocery,5,6,28.3,8.1,2.33,1,0,0,1,0
TXN-00220,480.93,travel,7,4,29.4,22.6,1.87,0,1,1,0,0
TXN-00221,197.63,travel,23,2,44.8,10.0,1.96,1,0,0,0,0
TXN-00222,221.36,gas_station,14,3,41.9,10.2,1.99,0,1,1,1,0
TXN-00223,278.75,restaurant,22,0,18.8,5.6,1.59,0,1,0,0,0
TXN-00224,81.34,grocery,9,3,35.6,19.0,1.93,1,1,1,0,0
TXN-00225,138.53,gas_station,17,0,6.6,5.6,1.29,0,1,1,0,0
TXN-00226,393.3,travel,16,1,43.2,0.4,1.21,1,0,0,0,0
TXN-00227,88.9,gas_station,15,6,13.4,8.1,0.62,1,1,1,0,0
TXN-00228,129.59,gas_station,0,3,12.3,18.8,1.61,1,1,1,0,0
TXN-00229,312.0,entertainment,6,3,40.2,9.9,1.04,1,1,1,1,0
TXN-00230,482.46,online_retail,8,6,48.4,8.7,1.83,0,0,1,0,0
TXN-00231,185.68,entertainment,14,5,46.6,6.0,2.49,1,0,0,0,0
TXN-00232,399.85,entertainment,9,1,41.6,2.1,2.17,0,0,1,0,0
TXN-00233,81.3,travel,22,3,21.2,11.3,1.29,0,0,1,1,0
TXN-00234,396.41,entertainment,11,1,18.0,26.9,1.48,1,1,1,1,0
TXN-00235,26.93,grocery,8,1,49.2,20.3,1.18,1,1,1,0,0
TXN-00236,261.8,entertainment,16,1,29.0,17.3,1.28,0,1,0,1,0
TXN-00237,17.16,gas_station,10,3,5.2,12.5,2.42,1,0,1,0,0
TXN-00238,262.95,grocery,22,0,17.4,2.9,1.89,0,1,1,0,0
TXN-00239,1846.77,gas_station,17,3,99.2,246.0,9.44,0,1,0,1,1
TXN-00240,119.77,travel,6,3,20.3,5.5,1.71,0,1,1,1,0
TXN-00241,197.47,restaurant,11,2,35.2,6.2,1.96,1,0,1,1,0
TXN-00242,61.41,online_retail,18,0,33.5,14.7,2.43,1,0,1,1,0
TXN-00243,423.53,entertainment,4,2,30.9,24.4,1.85,1,0,0,0,0
TXN-00244,156.16,online_retail,13,1,9.2,20.8,1.42,0,0,1,1,0
TXN-00245,271.0,restaurant,10,6,46.0,27.9,0.68,1,1,1,0,0
TXN-00246,31.54,online_retail,13,5,18.0,0.3,0.6,0,0,0,1,0
TXN-00247,356.52,restaurant,17,2,22.2,5.0,1.54,1,1,1,0,0
TXN-00248,231.37,travel,11,4,37.1,23.0,1.51,1,0,1,0,0
TXN-00249,25.6,gas_station,1,3,35.9,16.4,2.48,1,0,0,0,0
TXN-00250,431.79,entertainment,11,6,4.3,26.0,0.56,1,1,0,1,0
TXN-00251,318.22,travel,8,4,8.3,4.2,0.75,1,1,0,0,0
TXN-00252,165.21,gas_station,20,1,35.2,8.7,0.89,1,1,1,0,0
TXN-00253,70.68,entertainment,8,5,7.3,9.7,0.84,0,1,1,1,0
TXN-00254,228.74,online_retail,10,4,31.7,26.4,0.5,1,0,1,0,0
TXN-00255,3915.85,online_retail,6,3,379.7,227.4,5.67,0,0,1,1,1
TXN-00256,415.03,grocery,3,5,16.9,17.3,1.55,0,1,0,0,0
TXN-00257,232.49,restaurant,20,2,6.2,25.7,1.27,1,1,1,1,0
TXN-00258,466.7,grocery,12,5,13.7,19.6,0.85,1,0,0,0,0
TXN-00259,351.22,restaurant,18,1,11.7,19.7,1.85,1,1,1,0,0
TXN-00260,225.31,grocery,7,3,0.4,10.3,0.57,0,0,1,0,0
TXN-00261,403.95,restaurant,2,4,5.2,11.0,0.96,0,1,0,1,0
TXN-00262,307.11,online_retail,6,0,8.2,10.5,0.77,1,1,0,1,0
TXN-00263,74.31,gas_station,20,0,6.2,21.9,1.07,0,1,1,0,0
TXN-00264,302.49,travel,19,4,36.1,8.5,2.37,1,0,1,0,0
TXN-00265,198.92,restaurant,15,5,32.3,23.5,2.05,1,1,1,0,0
TXN-00266,266.5,gas_station,17,5,48.9,29.6,2.35,1,1,0,0,0
TXN-00267,238.15,grocery,12,4,49.4,2.2,1.59,1,1,1,0,0
TXN-00268,357.75,grocery,16,1,38.4,12.7,1.19,1,1,1,0,0
TXN-00269,81.91,entertainment,7,0,16.3,17.6,1.98,1,1,0,0,0
TXN-00270,462.69,restaurant,22,0,5.8,18.4,0.42,1,1,1,1,0
TXN-00271,476.74,gas_station,23,0,26.2,23.5,1.89,1,1,1,1,0
TXN-00272,19.53,gas_station,1,3,40.4,8.2,0.44,1,1,1,1,0
TXN-00273,87.61,grocery,1,6,7.9,23.2,2.27,1,1,0,1,0
TXN-00274,126.05,entertainment,13,1,23.6,11.5,0.63,1,0,0,1,0
TXN-00275,211.05,grocery,5,1,36.0,8.1,0.47,1,1,0,1,0
TXN-00276,490.8,travel,14,0,47.7,2.1,1.32,1,1,1,0,0
TXN-00277,149.34,entertainment,17,6,39.2,22.2,0.83,1,0,1,0,0
TXN-00278,79.53,online_retail,23,5,46.6,0.7,1.49,1,1,1,1,0
TXN-00279,106.57,grocery,7,6,49.2,12.6,2.41,1,0,1,0,0
TXN-00280,351.92,online_retail,2,4,18.6,29.2,0.49,1,0,1,1,0
TXN-00281,220.32,gas_station,10,3,48.2,7.1,0.87,1,1,0,1,0
TXN-00282,41.97,online_retail,10,3,10.1,23.4,1.59,1,1,1,0,0
TXN-00283,182.35,gas_station,22,5,38.5,13.6,1.32,1,1,1,1,0
TXN-00284,111.44,entertainment,9,2,42.8,4.4,1.86,1,1,0,0,0
TXN-00285,91.06,restaurant,3,0,47.6,25.6,1.52,1,1,1,0,0
TXN-00286,391.58,grocery,0,0,11.1,5.9,1.18,1,0,0,0,0
TXN-00287,324.76,grocery,5,4,40.5,2.8,2.16,1,1,1,0,0
TXN-00288,363.59,gas_station,14,1,24.8,11.5,1.24,1,1,1,0,0
TXN-00289,3172.05,online_retail,4,3,160.6,109.7,5.3,1,0,0,1,1
TXN-00290,442.9,online_retail,17,6,26.3,18.9,2.06,1,1,0,0,0
TXN-00291,456.78,gas_station,1,6,25.1,11.7,0.7,1,0,1,0,0
TXN-00292,267.07,gas_station,17,6,38.3,30.0,2.44,1,1,0,0,0
TXN-00293,369.84,restaurant,18,2,38.2,28.4,1.57,0,1,1,0,0
TXN-00294,350.33,travel,9,1,45.7,0.8,1.84,1,0,1,0,0
TXN-00295,49.68,restaurant,10,5,11.6,6.6,1.46,1,1,0,0,0
TXN-00296,402.2,grocery,11,5,43.4,1.8,0.62,1,1,0,0,0
TXN-00297,200.82,online_retail,20,2,5.1,9.1,0.6,1,0,1,1,0
TXN-00298,484.53,online_retail,9,5,34.7,27.9,2.03,1,0,0,0,0
TXN-00299,68.04,travel,10,6,36.4,28.5,2.39,0,0,1,0,0
TXN-00300,114.34,restaurant,20,0,28.3,28.1,0.61,1,1,1,0,0
TXN-00301,336.66,gas_station,8,6,36.5,10.1,0.33,1,1,0,0,0
TXN-00302,5.63,travel,12,0,19.3,22.0,2.43,0,1,1,0,0
TXN-00303,395.42,grocery,10,2,28.9,22.7,0.8,0,1,1,0,0
TXN-00304,41.73,online_retail,22,0,8.5,11.3,1.91,1,1,0,1,0
TXN-00305,328.55,entertainment,17,5,30.4,13.0,0.42,1,1,1,0,0
TXN-00306,272.36,restaurant,1,2,33.0,8.9,0.51,0,0,0,0,0
TXN-00307,620.62,entertainment,9,0,420.8,198.8,5.84,0,0,0,1,1
TXN-00308,62.18,online_retail,5,2,39.2,14.1,2.27,1,1,0,1,0
TXN-00309,187.85,restaurant,22,5,22.3,7.9,1.32,1,1,0,0,0
TXN-00310,335.73,travel,13,4,40.4,12.4,1.96,1,0,1,0,0
TXN-00311,468.5,travel,16,6,28.6,7.1,0.96,0,0,1,1,0
TXN-00312,491.46,grocery,13,0,7.4,28.5,1.29,1,1,1,0,0
TXN-00313,220.52,grocery,12,4,49.9,18.8,2.14,1,1,0,0,0
TXN-00314,166.43,restaurant,18,4,13.8,13.7,2.22,0,1,1,0,0
TXN-00315,482.59,gas_station,12,5,5.0,3.2,2.01,1,0,1,0,0
TXN-00316,306.44,entertainment,7,0,1.9,8.3,0.62,0,1,1,0,0
TXN-00317,460.81,entertainment,21,0,44.9,0.6,2.1,1,1,1,0,0
TXN-00318,117.84,travel,20,0,15.0,22.3,2.0,1,1,0,0,0
TXN-00319,109.64,grocery,9,5,41.2,22.2,1.97,1,1,0,0,0
TXN-00320,72.15,grocery,14,0,42.6,26.4,0.36,1,1,1,0,0
TXN-00321,353.79,gas_station,15,4,13.7,24.7,1.41,1,0,1,0,0
TXN-00322,480.46,gas_station,0,3,23.7,16.5,1.06,1,0,0,0,0
TXN-00323,4298.34,entertainment,13,4,400.9,87.9,3.77,0,1,0,1,1
TXN-00324,3945.46,gas_station,19,6,395.4,32.4,9.29,0,1,0,1,1
TXN-00325,357.81,online_retail,9,5,35.5,8.3,2.27,1,1,1,0,0
TXN-00326,313.69,travel,9,2,29.2,0.2,2.5,1,0,0,1,0
TXN-00327,243.46,entertainment,9,1,16.8,8.3,1.02,1,1,0,1,0
TXN-00328,383.91,restaurant,23,0,45.0,24.2,2.07,0,0,1,1,0
TXN-00329,498.75,restaurant,10,5,13.0,12.6,1.15,1,0,0,1,0
TXN-00330,344.73,entertainment,17,1,31.9,14.3,2.37,1,0,1,0,0
TXN-00331,238.04,grocery,7,2,37.0,21.8,1.53,1,0,1,1,0
TXN-00332,436.36,grocery,20,4,21.0,26.6,1.12,1,1,1,0,0
TXN-00333,312.22,grocery,4,1,23.6,5.8,0.56,0,0,1,0,0
TXN-00334,174.62,grocery,15,2,49.4,26.8,2.47,1,1,0,0,0
TXN-00335,92.53,grocery,4,4,31.7,0.1,0.9,1,0,1,0,0
TXN-00336,217.56,gas_station,16,1,21.5,14.3,0.31,1,0,1,0,0
TXN-00337,219.79,travel,18,2,380.1,91.1,9.02,0,0,0,0,1
TXN-00338,412.8,gas_station,15,2,14.9,8.7,1.9,1,1,0,0,0
TXN-00339,86.62,entertainment,0,4,45.3,24.4,0.34,1,0,1,0,0
TXN-00340,65.97,travel,1,5,35.6,23.8,1.13,1,0,0,0,0
TXN-00341,418.88,entertainment,4,1,2.4,3.5,1.28,1,0,1,0,0
TXN-00342,317.0,restaurant,13,6,15.1,19.8,1.76,1,0,0,1,0
TXN-00343,258.23,gas_station,16,1,30.9,8.5,2.03,0,1,0,0,0
TXN-00344,207.83,grocery,21,0,8.0,16.4,2.3,0,1,1,0,0
TXN-00345,418.44,gas_station,20,1,33.5,4.5,0.5,1,0,0,0,0
TXN-00346,488.76,gas_station,13,5,13.2,1.5,2.09,1,1,1,1,0
TXN-00347,426.37,travel,8,5,44.5,0.3,0.6,1,1,1,0,0
TXN-00348,408.41,online_retail,20,6,9.1,12.0,2.42,1,1,0,0,0
TXN-00349,70.59,travel,21,3,36.3,29.4,2.16,1,1,0,0,0
TXN-00350,192.98,online_retail,14,0,17.9,0.9,1.81,1,1,1,0,0
TXN-00351,329.21,travel,22,5,0.6,26.0,1.45,1,0,1,1,0
TXN-00352,219.26,grocery,0,5,36.3,14.5,1.76,0,1,0,1,0
TXN-00353,255.26,gas_station,1,4,23.5,14.9,0.66,0,1,1,0,0
TXN-00354,323.44,gas_station,3,3,20.2,7.0,1.31,0,1,1,0,0
TXN-00355,13.8,gas_station,16,4,20.2,1.1,1.51,1,0,0,1,0
TXN-00356,337.38,travel,19,3,47.5,10.9,0.42,1,1,1,1,0
TXN-00357,184.83,gas_station,17,4,22.6,2.9,1.75,1,1,1,1,0
TXN-00358,57.63,restaurant,6,0,44.8,14.8,2.11,0,1,1,1,0
TXN-00359,199.48,entertainment,18,0,22.9,23.4,1.88,1,1,1,1,0
TXN-00360,228.0,grocery,17,3,32.9,28.7,0.6,0,1,0,1,0
TXN-00361,244.05,online_retail,21,4,25.4,27.6,0.69,1,0,1,0,0
TXN-00362,164.31,gas_station,14,6,44.1,12.6,1.64,1,1,1,0,0
TXN-00363,209.31,entertainment,6,1,35.0,22.5,0.96,1,0,0,1,0
TXN-00364,358.62,entertainment,10,5,34.3,27.6,0.59,1,0,0,1,0
TXN-00365,179.36,gas_station,13,6,24.0,17.1,1.77,0,0,0,1,0
TXN-00366,711.06,restaurant,1,5,221.4,44.3,2.45,0,0,0,1,1
TXN-00367,105.98,online_retail,7,4,27.1,10.8,1.3,1,0,0,1,0
TXN-00368,400.42,travel,1,0,14.4,19.9,2.34,0,1,0,0,0
TXN-00369,105.53,entertainment,11,6,43.4,25.8,1.27,1,0,0,1,0
TXN-00370,370.53,restaurant,5,5,9.8,21.7,0.73,0,1,0,0,0
TXN-00371,191.71,entertainment,4,0,21.4,16.7,0.59,1,1,1,0,0
TXN-00372,164.7,gas_station,2,6,2.5,28.0,1.65,1,1,0,1,0
TXN-00373,265.07,online_retail,2,2,47.8,15.6,2.03,1,1,0,1,0
TXN-00374,110.61,grocery,21,2,16.6,10.8,0.78,0,0,0,0,0
TXN-00375,452.73,gas_station,17,5,30.7,18.6,2.41,1,1,1,0,0
TXN-00376,456.11,entertainment,6,2,41.1,11.2,2.07,0,1,1,0,0
TXN-00377,474.36,entertainment,20,6,8.4,28.7,1.48,1,0,1,0,0
TXN-00378,344.28,entertainment,4,0,41.8,6.2,2.12,0,0,1,1,0
TXN-00379,169.2,online_retail,12,3,4.4,1.6,2.05,1,0,1,0,0
TXN-00380,219.35,entertainment,2,2,0.8,20.2,1.48,1,0,0,0,0
TXN-00381,57.54,grocery,15,1,39.3,9.0,0.49,0,1,1,1,0
TXN-00382,72.51,entertainment,11,0,19.5,23.9,1.5,1,1,0,1,0
TXN-00383,279.76,entertainment,23,2,6.2,0.2,1.61,1,1,1,1,0
TXN-00384,453.29,entertainment,18,6,42.6,4.3,0.7,1,1,1,0,0
TXN-00385,376.77,gas_station,3,1,49.5,16.5,1.72,1,1,0,0,0
TXN-00386,246.16,restaurant,10,3,16.5,3.8,1.74,1,1,0,0,0
TXN-00387,310.09,grocery,10,1,15.3,17.5,1.54,1,1,1,0,0
TXN-00388,357.54,gas_station,9,3,32.0,8.3,1.09,1,1,1,0,0
TXN-00389,92.01,entertainment,20,0,30.3,25.3,2.19,1,0,1,0,0
TXN-00390,446.59,travel,8,4,42.5,18.9,2.09,0,0,1,0,0
TXN-00391,272.14,travel,2,3,32.7,4.5,1.16,1,1,1,1,0
TXN-00392,10.24,restaurant,5,4,11.9,28.9,2.46,1,0,1,0,0
TXN-00393,331.41,restaurant,2,2,48.4,22.1,1.36,1,1,1,0,0
TXN-00394,26.19,entertainment,10,0,10.3,27.2,1.09,0,1,1,0,0
TXN-00395,263.08,gas_station,18,5,41.5,25.0,0.88,1,1,0,0,0
TXN-00396,43.53,online_retail,19,0,12.6,29.2,0.79,0,1,1,0,0
TXN-00397,73.79,gas_station,19,5,8.3,2.3,1.72,1,1,1,0,0
TXN-00398,332.25,restaurant,20,6,20.7,9.9,0.55,0,1,1,1,0
TXN-00399,125.62,restaurant,8,1,6.4,17.8,0.6,1,0,1,0,0
TXN-00400,205.7,travel,15,6,48.5,19.1,2.23,1,1,1,0,0
TXN-00401,113.59,gas_station,5,5,20.5,4.3,1.58,1,0,0,1,0
TXN-00402,461.56,travel,16,5,29.8,2.1,1.13,1,1,1,0,0
TXN-00403,79.03,grocery,15,5,4.8,14.3,1.65,1,0,0,0,0
TXN-00404,303.72,grocery,22,4,41.4,26.9,2.0,0,0,1,0,0
TXN-00405,469.52,online_retail,7,6,24.1,23.1,1.07,1,1,1,0,0
TXN-00406,301.15,travel,0,3,27.2,7.7,0.31,1,0,0,0,0
TXN-00407,345.44,travel,11,4,15.8,10.9,0.64,1,1,0,0,0
TXN-00408,341.9,travel,15,2,37.7,12.4,2.02,0,1,1,1,0
TXN-00409,290.94,entertainment,5,0,38.7,11.9,0.6,1,0,1,0,0
TXN-00410,203.28,grocery,2,6,16.9,16.5,1.83,1,1,1,1,0
TXN-00411,463.3,online_retail,12,4,21.8,1.9,0.79,1,0,1,1,0
TXN-00412,146.8,grocery,6,6,48.2,1.7,2.0,1,0,1,0,0
TXN-00413,402.94,grocery,11,1,14.3,1.0,1.62,1,0,1,1,0
TXN-00414,487.94,travel,0,5,4.3,8.3,1.18,0,1,0,0,0
TXN-00415,459.99,travel,6,3,27.5,21.8,1.53,1,1,1,0,0
TXN-00416,289.58,grocery,16,2,13.1,12.2,0.53,1,0,1,0,0
TXN-00417,407.51,entertainment,14,4,28.7,20.8,2.43,0,1,1,0,0
TXN-00418,243.58,gas_station,13,2,12.9,11.5,2.04,1,0,0,0,0
TXN-00419,9.81,online_retail,10,2,41.6,7.4,0.5,1,1,0,0,0
TXN-00420,288.99,restaurant,23,1,9.1,22.4,2.35,1,1,0,0,0
TXN-00421,107.36,entertainment,21,3,10.1,7.5,1.66,1,1,1,0,0
TXN-00422,383.3,online_retail,5,6,27.1,1.3,1.36,1,1,0,0,0
TXN-00423,143.73,travel,11,3,11.1,17.3,0.42,0,1,0,0,0
TXN-00424,389.07,entertainment,6,3,22.9,3.6,1.44,1,0,1,0,0
TXN-00425,166.09,gas_station,11,1,30.6,7.8,1.51,1,1,1,1,0
TXN-00426,109.21,restaurant,18,5,35.0,11.2,2.18,1,1,1,1,0
TXN-00427,54.44,restaurant,15,6,13.5,7.1,1.25,0,1,1,1,0
TXN-00428,2223.3,travel,18,0,110.5,271.2,7.05,0,0,0,1,1
TXN-00429,346.82,gas_station,11,2,3.0,24.4,1.35,1,1,0,0,0
TXN-00430,466.26,entertainment,17,1,12.9,0.6,0.57,1,0,0,1,0
TXN-00431,145.88,gas_station,14,5,16.3,15.3,2.0,0,1,1,1,0
TXN-00432,434.79,gas_station,7,2,32.0,27.9,1.23,0,1,1,0,0
TXN-00433,149.22,travel,14,3,13.4,19.3,0.9,0,1,0,1,0
TXN-00434,427.83,grocery,3,0,6.3,7.0,0.85,1,1,1,0,0
TXN-00435,239.23,restaurant,2,5,2.7,23.1,1.45,1,1,1,1,0
TXN-00436,197.97,grocery,1,5,11.5,22.1,1.27,1,1,0,0,0
TXN-00437,458.06,entertainment,17,1,43.2,14.0,2.22,1,0,1,0,0
TXN-00438,230.99,restaurant,2,3,37.4,26.3,1.26,1,1,1,1,0
TXN-00439,209.04,travel,0,5,7.8,0.3,1.45,1,1,1,0,0
TXN-00440,473.74,travel,11,1,23.9,0.3,1.25,1,0,1,0,0
TXN-00441,282.47,grocery,13,5,19.7,4.9,1.92,0,1,1,0,0
TXN-00442,383.45,gas_station,13,1,45.5,24.2,1.81,1,0,0,1,0
TXN-00443,95.29,restaurant,10,0,14.5,19.1,1.66,1,0,0,0,0
TXN-00444,485.01,grocery,7,0,1.1,29.2,0.92,1,0,1,1,0
TXN-00445,249.32,gas_station,2,6,17.1,9.3,2.06,1,1,0,0,0
TXN-00446,77.31,grocery,3,6,13.3,11.8,1.5,1,1,1,0,0
TXN-00447,195.47,travel,21,1,48.7,7.4,2.49,1,1,0,0,0
TXN-00448,342.31,grocery,8,3,15.6,9.7,1.68,1,0,0,1,0
TXN-00449,103.37,gas_station,0,1,44.4,25.9,0.78,1,1,0,0,0
TXN-00450,294.42,gas_station,2,1,19.8,7.3,2.43,0,0,0,0,0
TXN-00451,50.24,restaurant,22,4,30.9,27.9,2.49,1,1,1,1,0
TXN-00452,67.28,grocery,22,3,11.6,29.5,2.03,1,1,0,0,0
TXN-00453,71.69,restaurant,18,1,44.9,14.6,1.26,1,0,0,0,0
TXN-00454,165.22,online_retail,9,6,23.4,26.0,1.62,1,1,0,0,0
TXN-00455,186.72,travel,7,2,0.0,19.1,1.13,1,1,0,0,0
TXN-00456,330.85,gas_station,10,3,26.9,11.6,1.45,0,0,1,1,0
TXN-00457,59.68,grocery,15,1,26.2,2.0,2.14,1,1,1,0,0
TXN-00458,287.65,travel,22,0,41.8,19.7,1.46,1,1,1,0,0
TXN-00459,4620.97,travel,23,3,345.1,280.7,8.66,1,1,0,1,1
TXN-00460,398.15,travel,3,0,2.9,18.5,1.46,1,1,1,0,0
TXN-00461,268.17,online_retail,23,0,9.5,15.8,0.85,1,0,0,1,0
TXN-00462,290.4,online_retail,16,2,33.7,21.1,1.24,1,1,1,1,0
TXN-00463,269.28,online_retail,23,2,30.0,28.0,2.29,1,1,1,1,0
TXN-00464,283.76,online_retail,0,5,10.7,23.0,2.34,1,1,1,0,0
TXN-00465,1565.51,gas_station,0,6,57.3,66.5,9.12,0,0,0,1,1
TXN-00466,346.41,gas_station,4,1,13.8,16.6,1.52,1,1,1,0,0
TXN-00467,445.36,grocery,23,2,12.5,7.7,0.96,0,0,1,1,0
TXN-00468,90.59,grocery,23,6,41.3,20.7,1.57,1,0,0,0,0
TXN-00469,43.85,entertainment,20,6,2.8,23.1,1.07,0,1,1,0,0
TXN-00470,10.66,restaurant,10,4,38.9,11.5,0.97,1,1,0,1,0
TXN-00471,80.83,online_retail,4,1,33.7,29.9,2.44,1,1,1,0,0
TXN-00472,240.55,restaurant,4,3,37.3,16.4,0.88,0,0,1,1,0
TXN-00473,246.49,online_retail,10,5,32.6,5.9,1.66,1,1,1,0,0
TXN-00474,49.35,grocery,9,1,33.6,12.7,1.07,1,1,0,1,0
TXN-00475,310.03,gas_station,4,6,49.5,13.3,0.62,1,1,1,1,0
TXN-00476,47.48,entertainment,3,2,37.0,7.3,1.67,1,1,1,0,0
TXN-00477,16.26,entertainment,4,5,10.5,16.1,0.75,1,0,1,1,0
TXN-00478,14.1,entertainment,19,2,29.2,19.9,0.4,1,1,1,0,0
TXN-00479,329.11,entertainment,12,1,0.4,11.7,0.9,1,1,1,0,0
TXN-00480,256.73,online_retail,17,5,35.5,27.1,1.37,1,1,1,1,0
TXN-00481,1387.48,gas_station,20,2,288.2,120.1,5.15,0,0,0,1,1
TXN-00482,489.23,restaurant,4,2,25.1,24.4,1.68,0,1,0,0,0
TXN-00483,330.18,restaurant,13,2,4.4,11.5,2.41,1,1,1,1,0
TXN-00484,168.0,entertainment,16,1,27.1,6.2,0.6,1,1,1,1,0
TXN-00485,454.96,travel,23,0,38.5,19.7,1.54,1,1,1,1,0
TXN-00486,420.56,entertainment,20,5,7.3,0.9,1.0,0,1,1,0,0
TXN-00487,390.66,restaurant,19,1,5.3,5.5,1.98,1,0,0,1,0
TXN-00488,17.91,restaurant,12,3,4.0,23.4,0.59,0,0,0,0,0
TXN-00489,86.07,entertainment,6,6,11.3,12.3,2.43,1,1,1,1,0
TXN-00490,92.65,online_retail,1,4,47.7,13.2,1.66,1,1,1,0,0
TXN-00491,193.29,online_retail,1,1,15.6,18.3,1.93,1,0,1,0,0
TXN-00492,200.83,online_retail,9,6,36.8,16.7,1.44,1,1,1,0,0
TXN-00493,233.37,grocery,23,4,21.1,18.4,0.42,1,1,0,0,0
TXN-00494,390.47,restaurant,14,4,46.9,20.9,0.6,0,1,1,0,0
TXN-00495,448.42,grocery,3,5,44.1,2.7,1.01,1,0,0,0,0
TXN-00496,184.66,grocery,5,2,26.2,11.5,2.04,1,1,0,0,0
TXN-00497,331.47,entertainment,14,2,7.5,26.1,0.69,1,1,1,0,0
TXN-00498,63.19,online_retail,17,6,6.6,6.1,1.67,1,1,1,0,0
TXN-00499,4436.97,restaurant,17,2,157.0,189.0,5.81,1,0,0,1,1
TXN-00500,280.99,entertainment,18,6,41.3,1.5,0.63,1,1,1,0,0
TXN-00501,168.9,entertainment,22,5,4.4,3.3,2.49,1,0,1,1,0
TXN-00502,394.72,gas_station,12,6,8.9,13.7,1.57,1,1,1,0,0
TXN-00503,216.53,travel,6,5,27.5,8.8,0.6,1,1,0,0,0
TXN-00504,33.8,travel,22,2,28.6,29.4,1.46,1,1,0,1,0
TXN-00505,424.66,travel,23,5,13.0,17.3,1.67,1,0,0,0,0
TXN-00506,404.95,online_retail,20,6,44.2,7.0,0.94,1,1,1,0,0
TXN-00507,424.79,restaurant,0,5,40.0,30.0,1.21,1,1,0,1,0
TXN-00508,144.41,gas_station,10,3,39.5,9.2,1.41,1,1,1,1,0
TXN-00509,309.92,grocery,20,1,1.5,5.3,1.03,1,0,1,0,0
TXN-00510,315.46,gas_station,18,5,44.6,16.1,1.04,0,0,1,1,0
TXN-00511,279.81,grocery,10,3,0.9,17.3,1.03,1,1,1,0,0
TXN-00512,421.99,grocery,8,3,28.5,11.7,1.61,1,0,1,1,0
TXN-00513,439.14,grocery,6,0,18.6,24.9,0.97,1,1,1,0,0
TXN-00514,17.34,gas_station,4,6,24.1,15.0,0.72,0,0,0,0,0
TXN-00515,411.96,travel,3,0,46.9,20.3,0.59,1,1,1,1,0
TXN-00516,26.79,entertainment,9,0,42.4,26.2,1.03,1,1,0,1,0
TXN-00517,159.51,entertainment,3,2,44.6,9.6,0.72,1,0,1,0,0
TXN-00518,140.45,gas_station,8,1,0.8,18.7,1.43,1,0,1,1,0
TXN-00519,402.98,restaurant,0,3,28.7,5.1,0.99,1,0,1,0,0
TXN-00520,29.98,gas_station,6,5,19.2,2.6,1.16,0,0,1,0,0
TXN-00521,405.6,grocery,14,2,3.9,27.7,1.98,1,1,0,0,0
TXN-00522,356.56,entertainment,21,2,23.3,7.0,0.79,1,1,1,0,0
TXN-00523,441.79,gas_station,11,4,22.7,0.9,1.35,1,1,1,0,0
TXN-00524,256.44,online_retail,18,3,20.3,21.4,0.54,1,1,0,0,0
TXN-00525,125.63,online_retail,18,6,8.0,14.5,0.45,1,0,0,0,0
TXN-00526,348.6,online_retail,10,4,8.7,20.1,1.93,0,1,0,1,0
TXN-00527,225.38,entertainment,1,0,15.4,12.2,1.62,0,1,1,1,0
TXN-00528,73.76,travel,9,3,29.0,22.6,2.08,1,0,1,0,0
TXN-00529,226.34,grocery,18,0,10.3,26.3,0.96,1,1,0,0,0
TXN-00530,257.66,gas_station,3,6,42.4,25.6,0.44,1,1,0,1,0
TXN-00531,20.44,travel,6,5,21.6,17.7,1.68,0,1,1,0,0
TXN-00532,73.84,restaurant,4,0,27.8,25.3,1.09,0,1,1,1,0
TXN-00533,12.78,online_retail,14,6,36.1,14.6,1.26,1,1,1,1,0
TXN-00534,465.5,restaurant,13,4,31.2,13.6,1.23,0,1,1,0,0
TXN-00535,2591.15,entertainment,11,0,378.9,222.3,4.15,0,0,0,0,1
TXN-00536,481.06,travel,19,0,4.0,21.9,1.46,1,1,0,0,0
TXN-00537,317.18,travel,0,3,33.2,20.1,1.8,1,0,1,0,0
TXN-00538,453.5,entertainment,19,5,28.7,9.9,1.08,1,1,1,0,0
TXN-00539,393.59,travel,0,2,13.0,18.9,1.57,1,0,1,1,0
TXN-00540,67.78,entertainment,3,4,3.8,23.5,0.85,1,1,1,0,0
TXN-00541,297.93,restaurant,16,6,7.6,13.4,2.08,1,0,1,0,0
TXN-00542,4923.54,entertainment,14,5,485.3,190.8,8.57,1,0,1,1,1
TXN-00543,109.37,online_retail,15,2,36.7,10.4,1.71,1,1,1,0,0
TXN-00544,474.38,travel,13,0,46.1,7.0,1.8,0,1,1,0,0
TXN-00545,399.67,gas_station,13,4,19.1,9.5,1.47,1,1,0,1,0
TXN-00546,429.89,restaurant,23,5,16.7,8.0,0.52,0,1,0,1,0
TXN-00547,101.49,grocery,13,0,16.9,20.7,0.7,1,0,1,0,0
TXN-00548,344.32,grocery,19,5,17.6,21.8,0.85,1,1,0,0,0
TXN-00549,112.33,entertainment,20,4,30.0,3.7,2.41,1,0,1,0,0
TXN-00550,96.46,online_retail,22,5,5.5,5.5,0.95,1,0,1,0,0
TXN-00551,165.09,gas_station,8,1,8.1,2.2,2.01,0,1,1,0,0
TXN-00552,248.4,online_retail,6,4,46.4,18.3,0.69,0,1,1,1,0
TXN-00553,456.74,restaurant,20,5,35.8,3.1,0.46,1,1,1,0,0
TXN-00554,381.61,online_retail,13,3,225.7,70.9,4.64,1,1,0,0,1
TXN-00555,391.56,gas_station,10,5,39.3,16.2,0.31,0,1,0,1,0
TXN-00556,32.32,entertainment,6,1,49.9,19.4,1.1,1,1,1,0,0
TXN-00557,483.92,online_retail,2,5,33.0,9.0,1.16,1,0,0,0,0
TXN-00558,98.78,travel,20,2,1.8,0.8,2.49,1,1,1,0,0
TXN-00559,482.65,grocery,12,0,40.6,29.0,0.34,1,1,1,1,0
TXN-00560,328.66,grocery,1,5,26.2,28.2,2.21,1,0,0,0,0
TXN-00561,328.65,grocery,9,6,23.6,27.5,0.4,1,1,1,1,0
TXN-00562,230.81,travel,7,0,8.5,17.7,2.1,1,1,1,1,0
TXN-00563,215.97,travel,4,2,40.6,29.5,1.79,1,1,0,1,0
TXN-00564,397.59,restaurant,22,2,38.2,17.8,1.04,1,1,1,0,0
TXN-00565,222.14,grocery,0,0,46.3,1.2,0.52,0,1,1,0,0
TXN-00566,49.12,restaurant,20,2,32.6,26.6,1.22,0,0,1,0,0
TXN-00567,208.96,grocery,20,6,46.9,18.3,0.38,1,0,1,1,0
TXN-00568,177.19,travel,7,3,0.2,7.1,0.56,1,0,1,1,0
TXN-00569,331.37,entertainment,1,0,13.8,5.8,2.05,0,1,1,0,0
TXN-00570,146.11,grocery,17,1,21.7,10.0,2.07,0,1,1,1,0
TXN-00571,19.39,online_retail,6,5,25.7,2.1,0.82,0,0,0,0,0
TXN-00572,166.21,grocery,15,4,38.9,9.8,0.52,0,1,1,0,0
TXN-00573,445.79,entertainment,6,5,7.2,27.8,1.3,0,1,1,0,0
TXN-00574,138.5,online_retail,13,1,16.8,1.0,1.55,1,1,1,0,0
TXN-00575,113.83,grocery,13,6,14.8,4.7,2.05,1,0,0,0,0
TXN-00576,431.79,restaurant,7,2,10.8,14.2,1.32,1,0,1,1,0
TXN-00577,115.09,online_retail,23,6,46.4,28.4,2.31,1,1,1,0,0
TXN-00578,215.72,grocery,17,6,19.7,24.3,1.83,1,1,1,0,0
TXN-00579,3712.57,restaurant,22,3,477.5,65.8,4.37,0,0,1,1,1
TXN-00580,374.91,online_retail,22,5,1.2,13.6,2.0,0,1,1,1,0
TXN-00581,3211.06,entertainment,2,4,223.2,216.5,6.25,0,0,0,1,1
TXN-00582,369.2,online_retail,19,0,2.7,28.4,1.78,1,1,1,0,0
TXN-00583,91.76,travel,3,5,27.9,2.0,1.86,1,1,1,0,0
TXN-00584,469.88,travel,21,3,29.0,28.8,0.76,1,1,1,0,0
TXN-00585,36.37,entertainment,17,2,17.3,14.6,1.46,1,1,0,1,0
TXN-00586,187.23,grocery,12,1,33.7,20.8,2.45,1,1,1,0,0
TXN-00587,478.53,entertainment,0,2,5.5,8.3,1.83,0,1,1,1,0
TXN-00588,342.79,grocery,7,6,46.6,14.2,1.22,1,1,1,0,0
TXN-00589,324.11,entertainment,16,6,20.6,10.3,1.72,1,1,0,1,0
TXN-00590,231.71,gas_station,1,1,28.4,26.9,0.97,1,1,1,0,0
TXN-00591,230.68,entertainment,21,6,8.3,27.7,1.87,1,1,1,1,0
TXN-00592,122.76,travel,22,0,2.1,9.5,0.58,1,1,1,0,0
TXN-00593,489.12,online_retail,4,3,7.4,13.5,2.45,1,1,1,0,0
TXN-00594,82.25,entertainment,4,6,48.5,16.4,1.42,1,1,1,1,0
TXN-00595,453.91,grocery,9,0,22.1,20.7,1.91,1,1,0,1,0
TXN-00596,421.23,gas_station,6,0,22.3,2.8,0.42,1,0,0,0,0
TXN-00597,425.48,travel,19,4,33.9,28.7,2.45,0,1,1,0,0
TXN-00598,454.68,gas_station,11,2,18.1,4.4,2.18,1,1,1,0,0
TXN-00599,225.56,entertainment,13,5,28.1,6.5,2.25,0,1,1,0,0
TXN-00600,74.09,travel,12,0,29.4,2.6,0.76,0,0,1,0,0
TXN-00601,3266.27,gas_station,17,3,173.0,77.2,5.7,0,0,0,0,1
TXN-00602,4165.99,restaurant,8,2,425.6,112.1,6.47,1,0,0,1,1
TXN-00603,417.95,entertainment,7,0,23.6,19.6,2.26,0,1,1,1,0
TXN-00604,142.22,entertainment,21,3,49.7,2.0,1.94,0,0,1,0,0
TXN-00605,410.05,restaurant,10,3,18.7,22.0,0.34,1,1,0,0,0
TXN-00606,72.07,travel,20,0,8.2,8.2,1.22,1,1,1,0,0
TXN-00607,384.39,gas_station,21,5,9.2,2.8,1.96,1,1,0,0,0
TXN-00608,52.44,gas_station,5,0,29.0,24.7,0.33,1,1,1,0,0
TXN-00609,254.17,grocery,4,0,41.6,23.9,1.53,1,1,1,0,0
TXN-00610,159.23,grocery,23,6,18.1,24.5,2.26,1,1,0,0,0
TXN-00611,68.71,entertainment,3,0,34.7,20.6,0.98,1,1,1,0,0
TXN-00612,2524.42,grocery,2,2,244.1,83.0,2.26,0,0,0,1,1
TXN-00613,378.5,grocery,2,1,39.1,27.6,0.75,1,1,0,0,0
TXN-00614,471.21,grocery,18,6,47.4,10.4,0.65,1,0,0,0,0
TXN-00615,1241.59,travel,22,3,136.2,106.1,9.21,0,1,0,1,1
TXN-00616,296.74,travel,7,3,22.0,28.7,0.7,1,1,1,0,0
TXN-00617,492.38,entertainment,1,0,6.2,3.3,0.6,1,0,1,1,0
TXN-00618,62.28,gas_station,13,1,14.2,18.0,0.99,0,1,0,0,0
TXN-00619,447.9,grocery,12,3,40.1,28.2,1.11,1,0,1,1,0
TXN-00620,339.88,gas_station,6,2,6.0,11.8,1.83,1,0,1,0,0
TXN-00621,422.79,travel,8,6,20.2,7.0,1.23,0,1,0,1,0
TXN-00622,323.7,restaurant,14,0,20.0,14.3,1.63,0,1,0,0,0
TXN-00623,247.22,grocery,5,3,11.5,28.3,0.37,1,1,1,1,0
TXN-00624,166.84,entertainment,15,3,15.1,18.7,1.97,0,1,1,0,0
TXN-00625,273.51,online_retail,10,6,40.5,16.2,0.34,1,1,1,0,0
TXN-00626,232.53,online_retail,4,2,1.6,16.7,2.19,1,0,1,0,0
TXN-00627,246.29,travel,1,3,5.5,20.3,1.75,0,1,0,0,0
TXN-00628,297.57,travel,1,1,18.9,20.3,1.99,1,1,1,0,0
TXN-00629,177.69,gas_station,11,3,37.1,0.8,2.26,1,1,1,0,0
TXN-00630,332.31,restaurant,0,4,12.4,19.4,1.6,1,1,1,0,0
TXN-00631,233.15,travel,0,2,43.2,17.0,2.28,1,1,0,0,0
TXN-00632,198.2,entertainment,10,1,28.6,24.2,0.52,1,1,1,1,0
TXN-00633,184.85,gas_station,1,2,21.8,14.9,2.16,1,0,1,0,0
TXN-00634,204.0,grocery,18,6,11.3,22.3,0.5,1,0,1,0,0
TXN-00635,216.42,gas_station,6,3,17.4,2.3,2.11,1,1,0,1,0
TXN-00636,314.36,restaurant,18,3,22.7,22.9,0.7,1,0,0,1,0
TXN-00637,481.25,grocery,16,1,37.1,14.0,2.36,0,0,0,1,0
TXN-00638,78.13,entertainment,6,6,7.5,20.6,0.96,0,1,1,0,0
TXN-00639,412.74,restaurant,0,1,32.3,7.7,1.62,0,1,1,0,0
TXN-00640,158.72,restaurant,0,2,24.3,29.7,1.23,1,1,1,0,0
TXN-00641,142.5,gas_station,19,2,27.5,19.3,0.39,0,1,1,0,0
TXN-00642,450.78,restaurant,3,4,20.4,10.9,1.75,1,1,0,0,0
TXN-00643,466.8,travel,3,6,26.1,24.9,2.39,1,1,1,0,0
TXN-00644,168.0,grocery,5,1,29.2,11.7,1.95,1,1,1,0,0
TXN-00645,222.54,travel,13,3,12.7,17.7,1.38,1,0,1,0,0
TXN-00646,481.84,travel,1,6,44.0,28.1,1.1,1,1,1,1,0
TXN-00647,400.48,entertainment,22,2,2.7,27.5,1.78,1,0,1,0,0
TXN-00648,344.2,grocery,7,2,26.7,7.1,1.27,1,1,1,0,0
TXN-00649,445.67,online_retail,15,5,45.8,18.9,2.23,0,1,1,0,0
TXN-00650,421.38,grocery,11,3,35.9,26.3,2.1,1,0,1,1,0
TXN-00651,407.65,entertainment,14,6,36.9,13.6,0.36,1,0,0,0,0
TXN-00652,6.52,entertainment,20,6,10.0,9.2,1.57,1,1,1,1,0
TXN-00653,299.04,travel,10,6,20.5,28.2,1.29,1,1,1,1,0
TXN-00654,46.78,entertainment,19,5,18.4,11.8,1.13,1,1,1,1,0
TXN-00655,49.04,travel,8,1,23.1,7.9,2.17,1,1,0,0,0
TXN-00656,187.12,grocery,7,5,47.4,3.5,1.88,0,1,0,0,0
TXN-00657,473.3,travel,6,6,40.7,8.0,1.94,0,1,1,0,0
TXN-00658,340.21,online_retail,7,2,20.9,12.3,0.62,1,1,1,1,0
TXN-00659,325.38,online_retail,22,3,4.3,14.1,2.22,0,0,1,1,0
TXN-00660,131.83,entertainment,19,5,4.8,1.8,1.03,1,1,1,1,0
TXN-00661,27.53,travel,1,4,12.7,18.6,0.97,0,0,1,0,0
TXN-00662,89.08,online_retail,4,2,24.6,10.2,1.33,1,1,0,1,0
TXN-00663,26.86,travel,8,4,6.4,26.2,2.14,1,1,1,0,0
TXN-00664,446.87,online_retail,1,1,15.8,29.8,1.98,1,0,0,1,0
TXN-00665,118.78,online_retail,11,5,1.8,7.8,1.85,0,1,1,0,0
TXN-00666,231.59,restaurant,5,5,5.6,21.6,0.63,1,1,1,0,0
TXN-00667,140.03,online_retail,2,1,44.5,17.6,1.58,1,0,0,0,0
TXN-00668,340.07,grocery,10,1,44.4,0.8,1.8,1,1,1,1,0
TXN-00669,2409.12,grocery,20,4,368.5,159.6,7.03,0,1,0,1,1
TXN-00670,165.83,gas_station,10,6,36.6,22.0,2.41,1,1,1,1,0
TXN-00671,40.01,grocery,6,1,47.6,11.4,1.18,1,1,1,0,0
TXN-00672,204.19,gas_station,21,4,32.4,28.6,0.64,1,1,1,1,0
TXN-00673,334.43,travel,13,0,41.6,15.4,1.38,0,1,1,1,0
TXN-00674,406.44,entertainment,7,5,30.7,13.0,1.24,1,0,1,0,0
TXN-00675,81.76,online_retail,9,1,24.8,18.9,1.45,1,1,1,0,0
TXN-00676,343.74,travel,3,4,15.0,7.5,1.24,1,0,1,0,0
TXN-00677,51.77,grocery,3,5,33.0,17.1,0.86,1,0,1,1,0
TXN-00678,93.88,online_retail,21,3,9.1,11.8,0.48,1,1,0,1,0
TXN-00679,136.21,gas_station,21,0,48.3,26.1,0.71,1,1,0,1,0
TXN-00680,13.87,entertainment,19,5,19.7,0.4,1.74,0,0,1,1,0
TXN-00681,311.16,restaurant,0,1,48.7,10.8,1.78,0,1,1,0,0
TXN-00682,12.86,entertainment,17,1,48.5,25.8,0.76,1,0,1,0,0
TXN-00683,386.01,online_retail,15,0,7.4,12.7,0.56,1,0,0,0,0
TXN-00684,294.69,entertainment,22,3,10.1,17.1,2.13,1,1,1,0,0
TXN-00685,425.07,online_retail,16,4,36.9,17.9,1.52,1,1,1,0,0
TXN-00686,467.96,travel,10,4,45.3,26.0,0.81,1,0,1,0,0
TXN-00687,446.97,grocery,5,2,20.9,14.2,1.39,1,1,0,0,0
TXN-00688,237.27,online_retail,4,2,21.9,15.2,1.59,1,0,0,1,0
TXN-00689,198.23,restaurant,9,5,20.8,28.2,1.74,1,1,1,1,0
TXN-00690,335.19,restaurant,6,4,6.5,6.0,1.63,1,1,1,0,0
TXN-00691,287.03,grocery,19,1,446.4,126.4,3.27,0,0,0,0,1
TXN-00692,115.93,entertainment,16,4,12.9,10.2,1.08,1,0,1,0,0
TXN-00693,354.67,grocery,17,0,46.3,13.1,1.31,1,1,0,1,0
TXN-00694,87.69,online_retail,23,6,5.9,6.2,1.1,1,0,1,1,0
TXN-00695,325.31,online_retail,10,2,16.7,4.1,2.17,0,1,1,0,0
TXN-00696,47.19,restaurant,4,6,18.6,22.6,1.09,1,1,0,0,0
TXN-00697,459.42,grocery,22,6,44.9,28.6,1.44,1,1,1,0,0
TXN-00698,39.44,entertainment,20,1,16.9,12.0,2.0,0,1,1,0,0
TXN-00699,33.62,entertainment,17,6,31.6,21.4,1.75,1,1,1,1,0
TXN-00700,372.64,entertainment,6,4,45.5,0.2,0.92,1,0,1,0,0
TXN-00701,311.0,grocery,17,2,22.1,10.4,2.09,0,1,1,0,0
TXN-00702,360.85,gas_station,16,2,44.0,15.6,1.49,1,1,0,1,0
TXN-00703,84.21,travel,3,5,1.4,23.9,1.6,1,1,0,0,0
TXN-00704,189.62,entertainment,0,3,31.3,10.6,0.41,1,1,1,1,0
TXN-00705,121.87,entertainment,22,4,37.3,17.4,1.87,1,1,1,0,0
TXN-00706,358.6,restaurant,22,3,26.0,7.4,1.02,1,1,1,0,0
TXN-00707,45.56,travel,12,4,3.1,26.7,1.35,0,1,1,1,0
TXN-00708,390.52,online_retail,5,1,43.6,17.5,1.7,0,0,1,1,0
TXN-00709,244.96,online_retail,1,5,22.9,29.0,1.43,1,0,1,0,0
TXN-00710,281.72,gas_station,1,4,46.1,3.6,2.18,1,1,1,1,0
TXN-00711,188.88,grocery,9,2,49.6,9.1,1.37,1,1,0,0,0
TXN-00712,410.47,gas_station,18,3,24.4,3.7,1.07,1,1,1,1,0
TXN-00713,391.77,online_retail,21,3,23.8,21.6,1.63,1,0,0,0,0
TXN-00714,365.29,travel,1,5,4.5,18.7,1.67,0,1,1,0,0
TXN-00715,369.28,entertainment,17,0,32.3,26.0,1.86,1,0,0,0,0
TXN-00716,311.26,grocery,21,4,28.8,1.6,1.55,1,1,0,0,0
TXN-00717,14.39,gas_station,12,4,39.3,7.4,1.85,0,1,0,1,0
TXN-00718,4337.48,grocery,3,4,60.5,148.0,5.32,0,0,0,1,1
TXN-00719,76.3,travel,10,1,12.8,2.7,0.97,0,0,1,0,0
TXN-00720,480.81,grocery,6,1,225.5,116.4,5.3,0,0,1,1,1
TXN-00721,295.08,online_retail,17,3,24.6,22.6,1.15,1,1,1,0,0
TXN-00722,19.31,restaurant,9,4,31.7,27.4,0.34,1,1,0,1,0
TXN-00723,46.53,travel,13,4,31.8,6.1,2.43,1,0,1,0,0
TXN-00724,5.5,gas_station,19,2,23.2,24.9,0.94,1,1,1,0,0
TXN-00725,193.18,travel,18,0,17.6,19.0,1.59,1,1,1,1,0
TXN-00726,200.68,travel,10,5,6.1,4.2,1.52,1,1,1,1,0
TXN-00727,319.41,travel,10,0,49.0,21.2,0.9,1,1,1,0,0
TXN-00728,71.19,travel,22,5,46.1,18.3,0.31,1,0,1,0,0
TXN-00729,199.43,grocery,11,6,4.1,26.3,1.73,1,0,1,1,0
TXN-00730,302.65,restaurant,14,0,19.3,25.2,2.09,1,1,1,0,0
TXN-00731,14.79,entertainment,7,1,14.1,27.6,1.09,1,0,0,0,0
TXN-00732,483.81,online_retail,3,6,1.8,14.8,1.85,1,1,1,1,0
TXN-00733,252.66,entertainment,2,1,8.5,5.8,1.93,1,1,0,0,0
TXN-00734,287.1,entertainment,17,4,11.4,15.7,2.02,1,0,1,1,0
TXN-00735,282.26,gas_station,3,5,22.7,28.1,1.71,1,1,1,0,0
TXN-00736,250.31,online_retail,10,0,25.9,1.3,1.89,1,1,1,1,0
TXN-00737,170.68,restaurant,6,1,44.0,24.2,2.48,1,0,1,0,0
TXN-00738,36.11,gas_station,7,0,31.3,0.8,1.25,1,0,0,0,0
TXN-00739,479.61,online_retail,3,5,41.6,24.6,1.44,1,1,0,1,0
TXN-00740,66.79,grocery,9,4,48.7,27.5,1.13,1,1,1,0,0
TXN-00741,37.57,online_retail,7,6,33.9,16.8,0.95,0,1,1,1,0
TXN-00742,331.56,grocery,14,4,0.5,11.5,2.05,1,1,0,1,0
TXN-00743,100.28,travel,8,2,5.1,17.9,0.45,1,0,1,1,0
TXN-00744,363.69,online_retail,16,5,22.2,7.3,2.05,1,1,1,1,0
TXN-00745,159.04,gas_station,0,4,44.3,23.3,0.62,1,0,1,0,0
TXN-00746,340.76,restaurant,20,1,2.9,15.2,2.14,1,1,1,0,0
TXN-00747,174.07,travel,9,3,33.4,20.8,2.46,1,0,0,0,0
TXN-00748,56.9,restaurant,14,4,43.8,27.3,1.39,1,0,1,1,0
TXN-00749,242.97,grocery,11,0,38.4,24.4,2.08,0,1,1,0,0
TXN-00750,19.86,restaurant,9,1,5.8,8.7,0.73,1,1,1,0,0
TXN-00751,134.69,grocery,0,6,8.7,25.4,0.84,1,1,1,0,0
TXN-00752,192.57,gas_station,21,1,39.4,3.3,2.36,1,1,1,0,0
TXN-00753,488.67,restaurant,6,4,49.9,26.4,2.23,1,1,1,0,0
TXN-00754,190.26,travel,9,6,30.0,29.3,0.84,1,0,0,0,0
TXN-00755,127.35,online_retail,21,4,31.5,8.4,0.58,0,1,0,0,0
TXN-00756,256.76,gas_station,22,2,37.6,19.4,1.42,0,0,1,0,0
TXN-00757,244.23,online_retail,7,3,47.8,14.2,1.58,1,1,1,0,0
TXN-00758,215.39,grocery,9,3,18.9,4.7,2.15,1,0,1,0,0
TXN-00759,118.94,gas_station,15,2,2.1,15.4,1.04,0,1,1,0,0
TXN-00760,17.24,travel,20,0,22.1,8.0,0.47,1,1,0,1,0
TXN-00761,463.67,gas_station,8,2,4.9,2.1,0.38,1,1,1,1,0
TXN-00762,385.4,gas_station,0,6,42.3,5.7,1.63,1,0,0,1,0
TXN-00763,412.04,restaurant,12,1,39.2,12.1,1.19,1,1,0,1,0
TXN-00764,375.82,grocery,10,6,23.7,15.5,2.03,0,0,1,0,0
TXN-00765,386.21,restaurant,9,5,34.9,6.3,1.29,1,1,1,1,0
TXN-00766,4089.93,travel,0,4,425.4,121.8,5.35,1,1,0,1,1
TXN-00767,461.46,grocery,17,3,7.7,28.6,1.03,0,1,1,0,0
TXN-00768,58.78,travel,5,0,28.5,13.5,2.27,1,1,1,1,0
TXN-00769,303.67,gas_station,21,4,1.3,6.0,2.3,0,1,1,0,0
TXN-00770,33.44,restaurant,17,3,25.9,5.2,2.19,0,1,1,0,0
TXN-00771,39.04,entertainment,15,1,47.8,26.0,0.59,1,1,1,1,0
TXN-00772,469.88,online_retail,2,6,29.4,15.1,1.81,1,1,1,0,0
TXN-00773,404.75,entertainment,2,2,26.3,27.3,2.23,0,1,0,0,0
TXN-00774,459.85,restaurant,5,4,17.3,25.3,2.04,0,0,1,0,0
TXN-00775,231.62,restaurant,8,5,45.5,5.5,1.55,0,0,1,0,0
TXN-00776,335.0,gas_station,2,6,3.3,21.8,2.28,0,1,0,0,0
TXN-00777,384.44,entertainment,22,5,16.3,13.5,0.86,1,1,1,0,0
TXN-00778,193.67,restaurant,10,5,37.3,25.7,1.17,1,1,1,1,0
TXN-00779,244.96,restaurant,5,6,3.4,16.5,0.83,0,1,1,0,0
TXN-00780,682.47,restaurant,14,2,182.4,174.4,5.13,0,1,0,1,1
TXN-00781,358.63,entertainment,22,5,44.6,16.0,1.27,1,0,0,1,0
TXN-00782,198.36,restaurant,6,0,15.4,1.6,0.31,0,1,1,0,0
TXN-00783,334.13,entertainment,5,0,56.6,251.5,7.44,0,0,0,1,1
TXN-00784,58.3,grocery,7,1,16.4,16.9,0.72,1,0,1,0,0
TXN-00785,165.07,entertainment,8,5,0.7,19.6,0.33,1,1,1,0,0
TXN-00786,26.75,travel,5,2,44.3,12.3,1.99,0,1,0,1,0
TXN-00787,301.93,entertainment,10,6,49.1,20.9,1.79,1,1,1,1,0
TXN-00788,38.42,grocery,7,0,0.9,27.4,1.29,1,0,0,1,0
TXN-00789,448.91,online_retail,9,1,15.4,22.1,1.97,1,1,1,0,0
TXN-00790,106.17,gas_station,10,5,1.9,27.7,1.62,0,0,1,0,0
TXN-00791,24.61,gas_station,7,1,39.6,12.4,2.09,1,1,0,0,0
TXN-00792,453.78,gas_station,5,3,33.3,7.5,1.81,1,0,1,1,0
TXN-00793,36.99,restaurant,18,4,24.6,28.6,0.41,1,1,1,0,0
TXN-00794,466.25,restaurant,13,1,11.8,2.3,1.89,1,1,0,0,0
TXN-00795,155.03,online_retail,5,3,28.8,29.0,0.74,0,1,1,0,0
TXN-00796,255.12,grocery,9,4,36.7,22.8,2.1,0,1,1,0,0
TXN-00797,278.66,online_retail,2,2,8.8,11.4,0.97,1,1,0,1,0
TXN-00798,237.28,online_retail,23,2,7.7,5.7,0.33,1,1,1,0,0
TXN-00799,157.37,restaurant,13,2,49.4,2.1,2.25,1,1,0,0,0
TXN-00800,377.03,online_retail,13,5,17.4,21.3,1.7,1,0,1,1,0
TXN-00801,241.47,restaurant,8,4,46.1,10.8,1.85,1,0,0,1,0
TXN-00802,342.13,entertainment,22,3,12.7,18.1,2.39,1,1,1,0,0
TXN-00803,295.15,entertainment,9,4,45.0,15.6,0.72,0,1,1,0,0
TXN-00804,330.95,gas_station,4,2,19.1,9.2,1.21,1,1,0,1,0
TXN-00805,465.36,entertainment,13,4,19.9,9.2,2.47,0,1,1,0,0
TXN-00806,147.73,travel,3,3,21.5,5.3,0.71,1,1,1,0,0
TXN-00807,110.22,entertainment,19,0,10.0,22.5,2.08,1,1,1,0,0
TXN-00808,87.23,online_retail,15,5,14.7,11.3,0.91,1,1,0,0,0
TXN-00809,9.71,grocery,12,4,13.3,28.7,1.76,1,1,1,1,0
TXN-00810,481.22,gas_station,10,6,13.3,14.6,1.97,0,1,1,1,0
TXN-00811,183.8,entertainment,12,5,19.9,18.3,2.45,1,1,1,0,0
TXN-00812,462.89,entertainment,21,6,1.3,3.7,1.47,1,1,1,1,0
TXN-00813,209.5,grocery,23,2,9.4,29.6,2.41,1,1,0,0,0
TXN-00814,120.61,entertainment,3,5,24.2,22.2,2.05,1,1,1,1,0
TXN-00815,305.55,gas_station,21,4,35.6,26.1,2.23,1,1,1,0,0
TXN-00816,236.07,entertainment,22,0,44.8,28.7,1.36,1,1,1,0,0
TXN-00817,496.71,gas_station,21,3,1.5,27.9,1.02,0,1,1,1,0
TXN-00818,336.95,restaurant,18,6,33.3,27.7,1.69,0,1,0,0,0
TXN-00819,37.01,online_retail,7,1,17.2,27.3,1.93,0,0,0,1,0
TXN-00820,149.03,gas_station,4,6,5.6,10.2,1.6,1,0,1,1,0
TXN-00821,193.2,gas_station,21,6,36.8,9.3,1.6,1,1,1,0,0
TXN-00822,333.55,restaurant,15,5,29.5,3.2,0.32,0,1,1,0,0
TXN-00823,302.73,travel,22,0,7.3,20.0,2.06,1,0,1,0,0
TXN-00824,424.6,gas_station,4,6,28.7,18.9,0.77,1,0,1,0,0
TXN-00825,424.79,gas_station,21,6,46.7,6.8,1.92,1,1,0,0,0
TXN-00826,15.68,travel,23,2,19.6,12.7,1.34,1,1,1,0,0
TXN-00827,461.92,gas_station,14,5,35.1,16.4,0.51,1,0,1,1,0
TXN-00828,73.09,entertainment,0,2,34.8,8.7,0.62,1,0,1,1,0
TXN-00829,289.96,grocery,11,3,33.9,29.7,0.62,0,0,1,0,0
TXN-00830,30.97,restaurant,1,0,49.0,19.5,1.61,1,0,0,0,0
TXN-00831,246.87,grocery,14,6,34.4,28.6,1.74,0,0,0,1,0
TXN-00832,194.14,entertainment,21,4,31.6,13.4,0.33,1,1,1,0,0
TXN-00833,295.49,online_retail,20,5,49.4,14.4,1.83,1,0,1,0,0
TXN-00834,287.85,online_retail,17,6,5.0,1.9,2.3,1,1,0,0,0
TXN-00835,407.04,restaurant,19,5,24.4,15.6,1.59,1,1,0,0,0
TXN-00836,279.59,travel,8,6,40.0,3.7,0.58,1,0,1,0,0
TXN-00837,46.88,restaurant,9,0,6.2,9.0,2.43,1,1,0,0,0
TXN-00838,262.12,gas_station,19,4,39.1,19.8,1.28,0,0,1,1,0
TXN-00839,345.53,travel,17,1,33.1,1.3,0.38,1,1,1,0,0
TXN-00840,142.31,online_retail,14,0,36.5,12.7,1.51,1,1,0,0,0
TXN-00841,339.88,restaurant,22,2,47.0,4.3,0.75,1,0,0,1,0
TXN-00842,325.65,travel,7,0,25.6,4.9,2.11,1,1,1,0,0
TXN-00843,268.08,restaurant,7,2,34.2,12.2,1.02,1,1,1,0,0
TXN-00844,2010.35,grocery,16,2,485.9,132.2,2.84,0,0,0,0,1
TXN-00845,433.37,gas_station,23,5,27.6,18.2,2.27,1,1,1,0,0
TXN-00846,268.18,travel,22,1,29.7,25.5,1.35,1,1,1,1,0
TXN-00847,75.62,travel,13,5,28.4,8.0,2.32,1,0,1,1,0
TXN-00848,222.29,gas_station,20,6,17.7,14.1,0.93,0,0,0,0,0
TXN-00849,156.3,restaurant,18,0,38.5,25.4,1.7,1,0,1,0,0
TXN-00850,146.5,restaurant,15,3,46.5,24.3,0.32,0,0,0,1,0
TXN-00851,498.99,online_retail,22,4,44.4,20.9,1.19,1,0,1,1,0
TXN-00852,125.89,entertainment,16,1,36.9,28.5,2.11,1,0,1,0,0
TXN-00853,186.69,grocery,10,5,6.7,10.6,0.41,0,1,1,0,0
TXN-00854,271.86,entertainment,20,4,38.3,3.5,0.96,1,1,1,0,0
TXN-00855,461.91,grocery,11,0,46.5,28.8,1.43,1,1,0,0,0
TXN-00856,167.63,grocery,13,3,17.7,0.2,2.26,1,1,1,0,0
TXN-00857,266.9,restaurant,15,3,44.9,12.3,2.31,1,1,0,0,0
TXN-00858,185.43,restaurant,11,5,44.6,16.1,0.89,0,0,1,0,0
TXN-00859,182.82,entertainment,10,0,43.5,6.0,0.72,1,1,1,0,0
TXN-00860,103.5,entertainment,22,1,24.0,20.0,0.88,0,1,0,0,0
TXN-00861,383.37,grocery,4,1,44.1,15.1,2.33,0,1,1,0,0
TXN-00862,11.76,online_retail,15,2,34.2,1.6,2.13,0,0,0,0,0
TXN-00863,45.89,gas_station,22,1,21.4,18.5,1.9,1,1,1,0,0
TXN-00864,217.43,entertainment,4,1,23.7,23.5,0.53,1,1,0,1,0
TXN-00865,203.64,grocery,12,3,13.7,5.8,0.62,1,0,1,0,0
TXN-00866,351.58,grocery,9,0,49.0,6.7,1.24,1,0,1,1,0
TXN-00867,143.88,grocery,21,5,17.6,12.5,1.0,1,1,1,0,0
TXN-00868,146.23,gas_station,3,0,14.0,18.2,1.25,1,1,1,0,0
TXN-00869,343.07,travel,11,1,38.5,3.9,1.09,1,0,0,1,0
TXN-00870,108.97,restaurant,6,5,19.2,26.6,0.59,1,1,0,1,0
TXN-00871,53.83,restaurant,1,1,47.1,18.6,0.96,0,1,0,1,0
TXN-00872,277.5,entertainment,3,3,12.6,26.3,2.18,1,1,1,1,0
TXN-00873,212.41,grocery,18,0,46.6,15.1,0.35,1,0,1,0,0
TXN-00874,348.43,online_retail,17,6,37.0,11.9,1.81,1,1,1,1,0
TXN-00875,305.57,entertainment,23,4,10.3,0.1,1.56,1,0,1,1,0
TXN-00876,426.98,gas_station,1,5,14.8,8.1,0.56,1,1,0,0,0
TXN-00877,442.38,grocery,20,2,46.4,8.1,2.04,1,1,0,0,0
TXN-00878,486.25,travel,9,2,16.2,28.4,2.24,1,0,1,0,0
TXN-00879,314.85,travel,21,6,0.5,10.7,1.91,1,1,1,0,0
TXN-00880,391.35,travel,6,6,5.3,22.4,1.14,1,0,0,1,0
TXN-00881,165.51,entertainment,23,3,10.2,18.9,2.19,0,1,1,0,0
TXN-00882,451.57,entertainment,5,5,4.7,5.4,0.71,1,1,0,0,0
TXN-00883,158.53,online_retail,7,3,44.3,24.5,1.81,1,1,1,0,0
TXN-00884,485.34,online_retail,0,0,5.0,15.8,1.9,1,0,1,0,0
TXN-00885,382.91,travel,0,6,32.2,1.3,0.85,1,1,1,1,0
TXN-00886,479.02,travel,14,6,5.3,22.1,1.04,1,1,1,0,0
TXN-00887,169.22,travel,9,0,7.7,1.7,1.82,1,1,1,0,0
TXN-00888,419.06,entertainment,9,1,7.1,27.4,0.35,0,1,1,0,0
TXN-00889,343.79,grocery,9,2,34.3,21.4,2.28,0,1,1,0,0
TXN-00890,170.19,online_retail,16,2,18.0,27.7,0.49,1,0,1,0,0
TXN-00891,341.32,online_retail,21,2,7.5,20.0,0.96,1,1,1,0,0
TXN-00892,406.31,restaurant,12,3,35.6,2.3,0.3,1,0,1,0,0
TXN-00893,393.85,restaurant,5,6,23.9,2.0,1.57,1,1,1,0,0
TXN-00894,163.06,online_retail,13,4,21.2,20.8,1.21,1,1,0,0,0
TXN-00895,269.22,entertainment,7,5,26.6,24.6,1.15,0,0,0,1,0
TXN-00896,184.05,gas_station,11,6,10.2,25.5,1.1,0,1,1,0,0
TXN-00897,390.43,grocery,23,1,7.0,13.8,2.14,0,1,1,0,0
TXN-00898,349.41,grocery,21,4,7.2,22.0,1.83,0,1,1,1,0
TXN-00899,419.53,travel,13,1,43.5,0.9,1.1,1,1,1,0,0
TXN-00900,237.53,online_retail,20,5,7.0,15.8,2.39,0,1,0,0,0
TXN-00901,734.08,online_retail,13,5,77.0,203.5,6.83,0,1,0,1,1
TXN-00902,229.88,restaurant,8,0,35.6,7.7,1.56,1,0,1,0,0
TXN-00903,489.07,travel,19,6,6.3,6.4,1.66,1,1,1,1,0
TXN-00904,347.75,entertainment,13,1,23.9,19.6,1.19,0,1,1,0,0
TXN-00905,56.68,grocery,2,1,18.1,23.4,1.04,1,1,1,1,0
TXN-00906,379.48,travel,18,0,15.5,16.6,1.7,1,1,1,0,0
TXN-00907,396.16,travel,6,2,2.3,9.4,2.38,1,1,1,0,0
TXN-00908,364.22,travel,4,0,48.7,21.1,0.51,0,0,0,0,0
TXN-00909,194.15,entertainment,2,5,29.3,25.6,0.94,1,0,1,0,0
TXN-00910,111.75,gas_station,11,4,34.1,4.2,1.88,1,1,1,0,0
TXN-00911,218.3,restaurant,18,5,44.5,23.2,1.15,1,0,0,0,0
TXN-00912,53.22,gas_station,5,2,0.7,23.0,0.98,1,1,1,0,0
TXN-00913,143.66,online_retail,20,1,18.2,2.7,0.69,0,1,1,0,0
TXN-00914,485.98,online_retail,11,4,24.4,10.9,0.93,0,0,0,0,0
TXN-00915,476.26,entertainment,1,5,18.7,20.5,1.41,1,0,1,1,0
TXN-00916,351.37,grocery,7,3,28.0,4.6,0.53,0,1,0,0,0
TXN-00917,336.23,entertainment,3,3,17.4,14.1,1.48,0,1,1,0,0
TXN-00918,103.74,online_retail,3,2,16.4,9.5,2.49,0,1,0,1,0
TXN-00919,274.82,gas_station,13,3,47.4,4.4,0.77,1,0,1,0,0
TXN-00920,109.69,restaurant,2,2,1.1,22.8,1.23,1,0,1,0,0
TXN-00921,152.68,online_retail,10,6,35.6,26.1,1.45,1,1,1,0,0
TXN-00922,103.31,entertainment,18,3,47.1,14.4,1.48,1,0,1,0,0
TXN-00923,282.65,entertainment,23,5,44.7,6.0,1.89,1,1,0,1,0
TXN-00924,79.5,travel,23,0,22.9,4.4,2.2,1,0,1,0,0
TXN-00925,471.95,restaurant,13,5,42.9,19.0,1.71,1,1,1,1,0
TXN-00926,87.22,gas_station,9,4,18.9,10.4,2.4,1,1,1,0,0
TXN-00927,66.75,travel,10,0,25.0,30.0,1.21,1,1,0,0,0
TXN-00928,232.12,entertainment,21,3,18.7,16.6,0.66,0,1,1,1,0
TXN-00929,352.54,grocery,19,3,46.9,27.2,0.52,1,1,1,1,0
TXN-00930,376.22,restaurant,7,6,31.2,16.3,1.69,1,0,1,0,0
TXN-00931,193.63,entertainment,12,0,9.8,14.1,0.57,0,1,0,1,0
TXN-00932,392.19,grocery,13,0,25.4,8.0,1.75,1,1,0,0,0
TXN-00933,936.2,restaurant,17,3,218.5,250.5,8.56,0,0,0,0,1
TXN-00934,324.0,restaurant,12,2,41.4,24.0,1.57,1,0,1,1,0
TXN-00935,221.51,restaurant,10,1,5.0,24.0,1.41,0,0,1,1,0
TXN-00936,17.69,entertainment,23,1,0.6,23.1,0.64,1,0,1,0,0
TXN-00937,319.06,restaurant,23,6,38.9,5.6,1.74,1,1,1,1,0
TXN-00938,192.16,travel,3,0,13.0,1.6,0.48,1,0,1,1,0
TXN-00939,299.97,restaurant,12,0,5.4,8.5,2.27,1,1,1,0,0
TXN-00940,15.87,online_retail,5,1,3.7,28.8,0.47,0,1,1,1,0
TXN-00941,452.3,travel,19,4,33.0,18.9,2.18,1,1,1,0,0
TXN-00942,2704.39,gas_station,3,1,164.5,62.8,6.85,0,1,0,1,1
TXN-00943,865.11,gas_station,22,4,87.5,216.7,3.01,0,0,0,1,1
TXN-00944,236.19,entertainment,22,2,40.5,13.1,2.38,1,1,1,0,0
TXN-00945,55.93,online_retail,13,4,39.7,17.6,0.66,1,0,1,0,0
TXN-00946,408.87,online_retail,5,0,31.1,18.2,1.24,1,1,0,0,0
TXN-00947,130.27,restaurant,10,3,20.5,18.1,2.23,1,1,1,0,0
TXN-00948,182.08,entertainment,0,5,3.6,19.7,1.12,1,1,1,0,0
TXN-00949,235.36,travel,6,0,39.8,27.0,1.54,0,1,0,0,0
TXN-00950,359.55,gas_station,6,1,47.3,24.2,1.78,0,0,1,0,0
TXN-00951,2570.88,restaurant,18,0,71.1,104.1,2.95,1,0,0,0,1
TXN-00952,323.61,travel,16,0,42.8,29.6,2.31,1,1,1,0,0
TXN-00953,13.05,online_retail,2,4,23.5,24.9,1.21,1,1,1,0,0
TXN-00954,249.44,travel,3,0,2.4,9.0,2.46,0,0,1,0,0
TXN-00955,413.6,restaurant,23,6,6.9,29.8,2.2,0,1,1,0,0
TXN-00956,451.93,gas_station,2,2,49.5,28.0,2.21,1,1,1,0,0
TXN-00957,308.31,restaurant,10,6,40.6,8.1,0.67,1,0,1,0,0
TXN-00958,294.14,travel,15,5,42.5,26.9,1.7,1,0,0,0,0
TXN-00959,143.87,travel,7,5,38.6,14.5,0.5,1,0,1,0,0
TXN-00960,428.65,online_retail,12,1,34.7,2.3,1.39,1,1,0,0,0
TXN-00961,173.52,entertainment,4,6,40.7,22.8,1.43,1,1,0,0,0
TXN-00962,457.49,gas_station,13,1,10.9,10.9,2.45,1,1,1,0,0
TXN-00963,475.99,grocery,14,1,28.9,3.1,1.31,1,0,1,0,0
TXN-00964,240.74,restaurant,12,4,26.5,10.6,0.56,1,1,1,0,0
TXN-00965,170.2,gas_station,6,3,22.1,11.1,0.41,0,0,1,0,0
TXN-00966,141.58,restaurant,3,0,30.4,15.6,0.54,1,0,1,0,0
TXN-00967,289.74,restaurant,23,6,11.9,16.0,0.91,0,1,1,0,0
TXN-00968,137.79,entertainment,0,0,10.3,23.6,1.06,1,0,0,0,0
TXN-00969,454.35,grocery,5,1,31.1,22.2,2.18,1,1,1,1,0
TXN-00970,230.33,restaurant,21,6,48.1,20.0,1.24,1,1,1,0,0
TXN-00971,299.03,grocery,18,5,48.5,17.5,1.37,1,1,1,0,0
TXN-00972,418.5,gas_station,14,3,26.3,5.0,0.62,1,1,1,1,0
TXN-00973,494.95,gas_station,16,6,12.9,14.6,1.1,1,1,1,1,0
TXN-00974,433.24,entertainment,4,2,42.2,14.5,0.89,1,1,1,0,0
TXN-00975,125.96,grocery,8,5,37.1,29.2,1.09,1,1,1,1,0
TXN-00976,450.11,online_retail,18,3,22.5,28.7,1.46,1,0,1,0,0
TXN-00977,141.74,gas_station,9,0,9.5,17.4,1.84,1,1,1,1,0
TXN-00978,251.97,restaurant,9,3,34.3,14.0,0.63,1,0,0,1,0
TXN-00979,400.89,grocery,13,2,0.8,1.2,0.92,1,1,1,0,0
TXN-00980,5.32,restaurant,23,1,12.6,10.5,0.92,1,1,0,0,0
TXN-00981,459.54,online_retail,12,0,14.5,1.0,2.35,1,0,0,0,0
TXN-00982,460.5,restaurant,8,1,29.9,5.2,1.26,1,0,1,1,0
TXN-00983,103.76,online_retail,3,1,15.2,8.9,2.34,0,0,1,0,0
TXN-00984,348.6,online_retail,14,0,25.2,20.6,1.09,1,1,1,0,0
TXN-00985,18.08,gas_station,4,4,38.3,2.7,0.61,1,1,0,1,0
TXN-00986,284.96,travel,14,6,14.7,22.7,1.16,0,0,1,0,0
TXN-00987,32.07,entertainment,10,6,41.5,19.5,1.03,1,1,0,0,0
TXN-00988,371.53,entertainment,15,1,33.7,22.2,0.42,1,0,1,1,0
TXN-00989,339.46,restaurant,3,0,42.6,9.0,0.98,1,1,0,1,0
TXN-00990,3098.2,grocery,3,2,104.5,56.2,3.63,1,0,1,0,1
TXN-00991,491.43,online_retail,4,5,41.0,25.3,1.5,0,0,0,0,0
TXN-00992,880.09,gas_station,21,0,385.1,95.0,6.09,0,0,1,1,1
TXN-00993,249.02,restaurant,0,2,33.4,11.7,1.83,1,1,1,0,0
TXN-00994,284.28,online_retail,23,3,0.6,9.1,1.72,0,1,1,0,0
TXN-00995,490.97,travel,2,1,17.9,25.7,1.41,1,0,0,0,0
TXN-00996,179.17,online_retail,2,6,36.0,10.2,1.87,1,1,0,0,0
TXN-00997,191.38,travel,18,2,23.6,19.8,1.57,1,1,0,0,0
TXN-00998,415.79,online_retail,21,3,3.4,0.9,1.91,1,1,0,0,0
TXN-00999,119.61,online_retail,2,0,38.6,27.5,2.05,1,1,0,0,0
TXN-01000,61.66,entertainment,14,3,42.3,2.2,1.98,1,1,1,0,0
